<?xml version="1.0" encoding="UTF-8"?>
<project xmlns="http://maven.apache.org/POM/4.0.0" xmlns:xsi="http://www.w3.org/2001/XMLSchema-instance" xsi:schemaLocation="http://maven.apache.org/POM/4.0.0 http://maven.apache.org/xsd/maven-4.0.0.xsd">
  <modelVersion>4.0.0</modelVersion>
  <parent>
    <groupId>{groupId}</groupId>
    <artifactId>protobuf-parent</artifactId>
    <version>{version}</version>
  </parent>

  <artifactId>{artifactId}</artifactId>
  <packaging>{type}</packaging>

  <name>Protocol Buffers [Lite]</name>
  <description>
    Lite version of Protocol Buffers library. This version is optimized for code size, but does
    not guarantee API/ABI stability.
  </description>

</project>
